INSERT INTO teacher (teacher_id, full_name, email) VALUES
(1, 'Иван Иванов', 'teacher1@gmail.com'),
(2, 'Петр Петров', 'teacher2@gmail.com'),
(3, 'Анна Смирнова', 'teacher3@gmail.com'),
(4, 'Олег Кузнецов', 'teacher4@gmail.com'),
(5, 'Мария Орлова', 'teacher5@gmail.com'),
(6, 'Дмитрий Соколов', 'teacher6@gmail.com'),
(7, 'Елена Морозова', 'teacher7@gmail.com'),
(8, 'Сергей Волков', 'teacher8@gmail.com'),
(9, 'Наталья Федорова', 'teacher9@gmail.com'),
(10, 'Алексей Попов', 'teacher10@gmail.com'),
(11, 'Ирина Лебедева', 'teacher11@gmail.com'),
(12, 'Артем Козлов', 'teacher12@gmail.com'),
(13, 'Юлия Новикова', 'teacher13@gmail.com'),
(14, 'Максим Егоров', 'teacher14@gmail.com'),
(15, 'Ольга Павлова', 'teacher15@gmail.com'),
(16, 'Роман Васильев', 'teacher16@gmail.com'),
(17, 'Татьяна Захарова', 'teacher17@gmail.com'),
(18, 'Игорь Белов', 'teacher18@gmail.com'),
(19, 'Дарья Комарова', 'teacher19@gmail.com'),
(20, 'Кирилл Громов', 'teacher20@gmail.com');

INSERT INTO student (student_id, full_name, email, registration_date, status) VALUES
(1, 'Иван Петров', 'student1@gmail.com', '2026-03-01', 'active'),
(2, 'Петр Иванов', 'student2@gmail.com', '2026-03-02', 'active'),
(3, 'Анна Сидорова', 'student3@gmail.com', '2026-03-03', 'active'),
(4, 'Мария Кузнецова', 'student4@gmail.com', '2026-03-04', 'active'),
(5, 'Алексей Смирнов', 'student5@gmail.com', '2026-03-05', 'active'),
(6, 'Олег Орлов', 'student6@gmail.com', '2026-03-06', 'inactive'),
(7, 'Елена Морозова', 'student7@gmail.com', '2026-03-07', 'active'),
(8, 'Сергей Волков', 'student8@gmail.com', '2026-03-08', 'active'),
(9, 'Наталья Федорова', 'student9@gmail.com', '2026-03-09', 'active'),
(10, 'Дмитрий Попов', 'student10@gmail.com', '2026-03-10', 'inactive'),
(11, 'Ирина Лебедева', 'student11@gmail.com', '2026-03-11', 'active'),
(12, 'Артем Козлов', 'student12@gmail.com', '2026-03-12', 'active'),
(13, 'Юлия Новикова', 'student13@gmail.com', '2026-03-13', 'active'),
(14, 'Максим Егоров', 'student14@gmail.com', '2026-03-14', 'inactive'),
(15, 'Ольга Павлова', 'student15@gmail.com', '2026-03-15', 'active'),
(16, 'Роман Васильев', 'student16@gmail.com', '2026-03-16', 'active'),
(17, 'Татьяна Захарова', 'student17@gmail.com', '2026-03-17', 'active'),
(18, 'Игорь Белов', 'student18@gmail.com', '2026-03-18', 'inactive'),
(19, 'Дарья Комарова', 'student19@gmail.com', '2026-03-19', 'active'),
(20, 'Кирилл Громов', 'student20@gmail.com', '2026-03-20', 'active');

INSERT INTO course (course_id, title, description, start_date, end_date, teacher_id) VALUES
(1, 'Предмет 1', 'Описание 1', '2026-03-01', '2026-06-01', 1),
(2, 'Предмет 2', 'Описание 2', '2026-03-01', '2026-06-01', 1),
(3, 'Предмет 3', 'Описание 3', '2026-03-02', '2026-06-02', 2),
(4, 'Предмет 4', 'Описание 4', '2026-03-02', '2026-06-02', 2),
(5, 'Предмет 5', 'Описание 5', '2026-03-03', '2026-06-03', 3),
(6, 'Предмет 6', 'Описание 6', '2026-03-03', '2026-06-03', 3),
(7, 'Предмет 7', 'Описание 7', '2026-03-04', '2026-06-04', 4),
(8, 'Предмет 8', 'Описание 8', '2026-03-04', '2026-06-04', 5),
(9, 'Предмет 9', 'Описание 9', '2026-03-05', '2026-06-05', 6),
(10, 'Предмет 10', 'Описание 10', '2026-03-05', '2026-06-05', 7),
(11, 'Предмет 11', 'Описание 11', '2026-03-06', '2026-06-06', 8),
(12, 'Предмет 12', 'Описание 12', '2026-03-06', '2026-06-06', 9),
(13, 'Предмет 13', 'Описание 13', '2026-03-07', '2026-06-07', 10),
(14, 'Предмет 14', 'Описание 14', '2026-03-07', '2026-06-07', 11),
(15, 'Предмет 15', 'Описание 15', '2026-03-08', '2026-06-08', 12),
(16, 'Предмет 16', 'Описание 16', '2026-03-08', '2026-06-08', 13),
(17, 'Предмет 17', 'Описание 17', '2026-03-09', '2026-06-09', 14),
(18, 'Предмет 18', 'Описание 18', '2026-03-09', '2026-06-09', 15),
(19, 'Предмет 19', 'Описание 19', '2026-03-10', '2026-06-10', 16),
(20, 'Предмет 20', 'Описание 20', '2026-03-10', '2026-06-10', 17);

INSERT INTO assignment (assignment_id, title, description, deadline, max_score, course_id) VALUES
(1, 'Задание 1', 'Описание 1', '2026-03-15', 100, 1),
(2, 'Задание 2', 'Описание 2', '2026-03-20', 100, 1),
(3, 'Задание 3', 'Описание 3', '2026-03-16', 100, 2),
(4, 'Задание 4', 'Описание 4', '2026-03-21', 100, 3),
(5, 'Задание 5', 'Описание 5', '2026-03-17', 100, 4),
(6, 'Задание 6', 'Описание 6', '2026-03-18', 100, 5),
(7, 'Задание 7', 'Описание 7', '2026-03-19', 100, 6),
(8, 'Задание 8', 'Описание 8', '2026-03-20', 100, 7),
(9, 'Задание 9', 'Описание 9', '2026-03-21', 100, 8),
(10, 'Задание 10', 'Описание 10', '2026-03-22', 100, 9),
(11, 'Задание 11', 'Описание 11', '2026-03-23', 100, 10),
(12, 'Задание 12', 'Описание 12', '2026-03-24', 100, 11),
(13, 'Задание 13', 'Описание 13', '2026-03-25', 100, 12),
(14, 'Задание 14', 'Описание 14', '2026-03-26', 100, 13),
(15, 'Задание 15', 'Описание 15', '2026-03-27', 100, 14),
(16, 'Задание 16', 'Описание 16', '2026-03-28', 100, 15),
(17, 'Задание 17', 'Описание 17', '2026-03-29', 100, 16),
(18, 'Задание 18', 'Описание 18', '2026-03-30', 100, 17),
(19, 'Задание 19', 'Описание 19', '2026-03-31', 100, 18),
(20, 'Задание 20', 'Описание 20', '2026-04-01', 100, 19),
(21, 'Задание 21', 'Описание 21', '2026-04-02', 100, 20);

INSERT INTO enrollment (course_id, student_id, enrollment_date, progress_percent) VALUES
(1, 1, '2026-03-01', 60),
(1, 2, '2026-03-01', 50),
(2, 1, '2026-03-02', 70),
(2, 3, '2026-03-02', 40),
(3, 1, '2026-03-03', 80),
(4, 2, '2026-03-04', 55),
(5, 5, '2026-03-05', 90),
(6, 6, '2026-03-06', 20),
(7, 7, '2026-03-07', 65),
(8, 8, '2026-03-08', 75),
(9, 9, '2026-03-09', 85),
(10, 10, '2026-03-10', 95),
(11, 11, '2026-03-11', 45),
(12, 12, '2026-03-12', 35),
(13, 13, '2026-03-13', 50),
(14, 14, '2026-03-14', 40),
(15, 15, '2026-03-15', 70),
(16, 16, '2026-03-16', 80),
(17, 17, '2026-03-17', 55),
(18, 18, '2026-03-18', 25);

INSERT INTO submission (assignment_id, student_id, submitted_at, score, status, teacher_comment) VALUES
(1, 1, '2026-03-15 01:00:00', 85, 'reviewed', 'хорошо'),
(1, 2, '2026-03-15 02:00:00', 70, 'reviewed', 'нормально'),
(2, 1, '2026-03-20 03:00:00', 90, 'reviewed', 'отлично'),
(2, 3, '2026-03-20 04:00:00', 60, 'reviewed', 'нормально'),
(3, 1, '2026-03-16 05:00:00', 95, 'reviewed', 'отлично'),
(4, 2, '2026-03-21 06:00:00', 80, 'reviewed', 'хорошо'),
(5, 1, '2026-03-17 07:00:00', 75, 'late', 'опоздал'),
(6, 2, '2026-03-18 08:00:00', 70, 'late', 'опоздал'),
(7, 5, '2026-03-19 09:00:00', NULL, 'submitted', NULL),
(8, 6, '2026-03-20 10:00:00', NULL, 'submitted', NULL),
(9, 7, '2026-03-21 11:00:00', 88, 'reviewed', 'хорошо'),
(10, 8, '2026-03-22 12:00:00', 92, 'reviewed', 'отлично'),
(11, 9, '2026-03-23 13:00:00', 74, 'reviewed', 'нормально'),
(12, 10, '2026-03-24 14:00:00', 93, 'reviewed', 'хорошо'),
(13, 11, '2026-03-25 15:00:00', 0, 'missing', 'не сдано'),
(14, 12, '2026-03-26 16:00:00', 0, 'missing', 'не сдано'),
(15, 13, '2026-03-27 17:00:00', 81, 'reviewed', 'хорошо'),
(16, 14, '2026-03-28 18:00:00', 67, 'late', 'поздно'),
(17, 15, '2026-03-29 19:00:00', NULL, 'submitted', NULL),
(18, 16, '2026-03-30 20:00:00', 0, 'missing', 'не сдано');